{"whatever": 1, "_timestamp": 1700218504.4416602, "_runtime": 2.9019410610198975, "_step": 0, "_wandb": {"runtime": 2}}